{
  "text": {
    "shibing624/text2vec-base-chinese": {
      "usage_count": 1,
      "total_processing_time": 0.0015728473663330078,
      "last_used": "2026-03-15T17:46:51.429370"
    }
  }
}